{
    "000__927d672925e7b99f7813735c484c6922.svg": {
        "rotationCenterX": 30.74937882782359,
        "rotationCenterY": 58.864768144346826,
        "bitmapResolution": 1
    }
}